TimeSeconds,UpBeatHz,DownBeatHz,UpSpectralChange,DownSpectralChange
25.3032916666667,5.859375,0,NaN,NaN
25.3433333333333,17.578125,0,0.191041624631713,0.0451736453993588
25.383375,17.578125,0,0.112519139868895,0.0445377322664641
25.4234166666667,14.6484375,0,0.0906361513419619,0.0405753261755375
25.4634583333333,23.4375,0,0.163051074193212,0.0861297793140251
25.5035,23.4375,0,0.0813638188686779,0.0347463059747488
25.5435416666667,29.296875,0,0.0778685139434863,0.0478445275123434
25.5835833333333,0,0,0.111346196857978,0.0588059343310301
25.623625,23.4375,0,0.225422962327399,0.0764897978340449
25.6636666666667,23.4375,0,0.10495519996607,0.0277291009839537
25.7037083333333,23.4375,0,0.24352635511767,0.109925558392222
25.74375,23.4375,0,0.193014519446551,0.0664128976321625
25.7837916666667,26.3671875,0,0.143857862962764,0.0497312023636644
25.8238333333333,29.296875,0,0.392314910813219,0.0789311189667521
25.863875,26.3671875,0,0.14768212383932,0.0490294769677227
25.9039166666667,26.3671875,0,0.459242094950103,0.0750475048905192
25.9439583333333,26.3671875,0,0.267284063280266,0.0465060517373284
25.984,26.3671875,0,0.155921700116302,0.0393362728296891
26.0240416666667,0,0,0.155967044784428,0.0688804015612384
26.0640833333333,0,0,0.228359830014301,0.0697156073837506
26.104125,29.296875,0,0.523331842391883,0.0941119267099078
26.1441666666667,187.5,0,0.384305535557334,0.0503324816238357
26.1842083333333,178.7109375,0,0.17275222571233,0.129764937421165
26.22425,29.296875,0,0.378987370847266,0.0379922468183059
26.2642916666667,49.8046875,0,0.294069615961453,0.0582713545205472
26.3043333333333,35.15625,0,0.324793379221268,0.0358449575649371
26.344375,38.0859375,0,0.242828222996851,0.072945342476008
26.3844166666667,0,0,0.490620261952546,0.0798806530280494
26.4244583333333,0,0,0.318383098761802,0.116458992927961
26.4645,14.6484375,0,0.570351782205394,0.165760556161279
26.5045416666667,184.5703125,0,0.572021860059251,0.165414414836809
26.5445833333333,193.359375,0,0.28549249792751,0.15911456170641
26.584625,210.9375,0,0.324441272998253,0.0941253874890835
26.6246666666667,29.296875,0,0.526024975606477,0.185099811633232
26.6647083333333,41.015625,0,0.266897056100525,0.110262298005639
26.70475,38.0859375,0,0.311387015282685,0.0428015739161081
26.7447916666667,269.53125,0,0.348675172014546,0.0383917935219407
26.7848333333333,278.3203125,0,0.141547414425536,0.043850780002447
26.824875,38.0859375,0,0.319950619084032,0.104019752242605
26.8649166666667,35.15625,0,0.151191490775821,0.0807365247667867
26.9049583333333,35.15625,0,0.165937440354059,0.13838345778789
26.945,35.15625,0,0.247075220186623,0.0975054060052846
26.9850416666667,38.0859375,0,0.172919340280876,0.0416408287154723
27.0250833333333,357.421875,0,0.773978800668937,0.0567863698449619
27.065125,41.015625,0,0.163152808554023,0.18151756063072
27.1051666666667,38.0859375,0,0.406003457292626,0.181776393375518
27.1452083333333,35.15625,0,0.181392320020162,0.0608694324343498
27.18525,38.0859375,0,0.101840175004104,0.0561788757578976
27.2252916666667,0,0,0.318898075123205,0.0477238572956509
27.2653333333333,35.15625,0,0.167233735767055,0.0671040473512614
27.305375,35.15625,0,0.156281328107952,0.0638037456933928
27.3454166666667,38.0859375,0,0.160378808149824,0.0527341804452195
27.3854583333333,35.15625,0,0.175721928718234,0.130069547756683
27.4255,35.15625,0,0.127921392432566,0.0548888678496613
27.4655416666667,35.15625,0,0.162207640331162,0.0875873895446307
27.5055833333333,35.15625,0,0.149497947653365,0.0387825420092573
27.545625,29.296875,0,0.0992552384850544,0.027908812325563
27.5856666666667,35.15625,0,0.130095976606061,0.0562852991047134
27.6257083333333,35.15625,0,0.266372646418578,0.0730734943061832
27.66575,32.2265625,0,0.188733774331192,0.0362589107829315
27.7057916666667,35.15625,0,0.23386823334944,0.0596095086840183
27.7458333333333,35.15625,0,0.118739189167643,0.0756938253263276
27.785875,35.15625,0,0.20055730416585,0.0359536148075313
27.8259166666667,32.2265625,0,0.290709484855759,0.075799912531885
27.8659583333333,32.2265625,0,0.187376660685347,0.0518825566091598
27.906,29.296875,0,0.131985441968218,0.0531783706957216
27.9460416666667,29.296875,0,0.118389121732512,0.0592982981890464
27.9860833333333,29.296875,0,0.16233945186274,0.0783840232857989
28.026125,32.2265625,0,0.331040520333037,0.0495543320857943
28.0661666666667,32.2265625,0,0.269656688059122,0.0679056073688465
28.1062083333333,32.2265625,0,0.320697306781561,0.0613486456237098
28.14625,166.9921875,0,0.339018358292317,0.0585147829624564
28.1862916666667,166.9921875,0,0.176140028397072,0.0557097978108415
28.2263333333333,166.9921875,0,0.259705518015154,0.106777296304883
28.266375,0,0,0.39325710588082,0.0611979291049476
28.3064166666667,181.640625,0,0.380686309983415,0.0717329625470075
28.3464583333333,184.5703125,0,0.261698428292242,0.0957316607052277
28.3865,43.9453125,0,0.504980674240888,0.122164865986189
28.4265416666667,46.875,0,0.186963624313438,0.0798463219645617
28.4665833333333,0,0,0.294013124078024,0.136507102525314
28.506625,8.7890625,0,0.36400116926092,0.0697196647820986
28.5466666666667,0,0,0.33646725744934,0.0954583820355733
28.5867083333333,32.2265625,0,0.455262080640382,0.108497292874109
28.62675,26.3671875,0,0.27124153810191,0.0784584783030321
28.6667916666667,23.4375,0,0.268222979186284,0.0534975978680095
28.7068333333333,23.4375,0,0.290685278771319,0.0538003926124828
28.746875,20.5078125,0,0.147673574459286,0.0560716393947955
28.7869166666667,29.296875,0,0.201165434675789,0.0549382770754516
28.8269583333333,23.4375,0,0.161791612252938,0.0663585514552897
28.867,26.3671875,0,0.160913451712253,0.0850179707253274
28.9070416666667,29.296875,0,0.156161046600976,0.0759323312819589
28.9470833333333,20.5078125,0,0.673544035615289,0.0468358189009778
28.987125,20.5078125,0,0.272016165343796,0.137822424220922
29.0271666666667,23.4375,0,0.136202653820908,0.0826945709339799
29.0672083333333,26.3671875,0,0.176399095369707,0.0723859731762293
29.10725,23.4375,0,0.27565111057105,0.0374607316074593
29.1472916666667,23.4375,0,0.15598492359216,0.0755173042309185
29.1873333333333,26.3671875,0,0.162485315515353,0.0549728618450953
29.227375,23.4375,0,0.115394163746912,0.0851988470572005
29.2674166666667,26.3671875,0,0.107651507970832,0.10407171557062
29.3074583333333,26.3671875,0,0.149158138913415,0.141970860435926
29.3475,23.4375,0,0.0582856439490703,0.0335795256215509
29.3875416666667,20.5078125,0,0.109447947330243,0.0638098809322594
29.4275833333333,23.4375,0,0.130526184626476,0.0688106624526123
29.467625,26.3671875,0,0.114021360702037,0.0667044580373148
29.5076666666667,23.4375,0,0.113439809091484,0.0516947392460287
29.5477083333333,29.296875,0,0.243061591139661,0.0503765971849679
29.58775,26.3671875,0,0.20069878231689,0.0905198058572205
29.6277916666667,26.3671875,0,0.134337480031573,0.113684171463873
29.6678333333333,23.4375,0,0.29030427043277,0.084497416746171
29.707875,29.296875,0,0.249814831912179,0.115339483109827
29.7479166666667,20.5078125,0,0.285239030779868,0.0714627422079516
29.7879583333333,17.578125,0,0.172305424026829,0.0610008569853506
29.828,0,0,0.164775950164192,0.0598490852335197
29.8680416666667,26.3671875,0,0.378031256248785,0.0980078693586874
29.9080833333333,35.15625,0,0.44871672534076,0.106331371806575
29.948125,55.6640625,0,0.170780512168665,0.0751911168859353
29.9881666666667,55.6640625,0,0.18613760484129,0.0516490338698132
30.0282083333333,193.359375,0,0.133517407621505,0.0484979093703162
30.06825,35.15625,0,0.244774541083452,0.0608515351413727
30.1082916666667,202.1484375,0,0.248146573128632,0.0593371720895078
30.1483333333333,29.296875,0,0.19458024482079,0.139645186012947
30.188375,43.9453125,0,0.361960886881428,0.10653700339181
30.2284166666667,41.015625,0,0.206015371525012,0.177338144817487
30.2684583333333,14.6484375,0,0.351413461399559,0.0557283046150544
30.3085,26.3671875,0,0.276861618844807,0.059241512269636
30.3485416666667,29.296875,0,0.128633648662215,0.137617259999635
30.3885833333333,0,0,0.343734352553857,0.0999373984751188
30.428625,29.296875,0,0.328293031279637,0.0486536579608929
30.4686666666667,26.3671875,0,0.245401500756575,0.0512382816015854
30.5087083333333,32.2265625,0,0.093441656075705,0.0428596826340845
30.54875,35.15625,0,0.278291865114365,0.0405607933418998
30.5887916666667,32.2265625,0,0.162690681724426,0.0425587057234452
30.6288333333333,29.296875,0,0.259821218098173,0.035023123378987
30.668875,29.296875,0,0.389888607453859,0.0611630408711074
30.7089166666667,29.296875,0,0.141968098885862,0.0546533229110981
30.7489583333333,26.3671875,0,0.176553264739824,0.0888852375003035
30.789,29.296875,0,0.217319044206936,0.0665776872389355
30.8290416666667,23.4375,0,0.722541026673819,0.0544319633968532
30.8690833333333,20.5078125,0,0.186406831568384,0.122253484642084
30.909125,0,0,0.327263763189094,0.19286797159252
30.9491666666667,29.296875,0,0.271389833215693,0.158911592701495
30.9892083333333,32.2265625,0,0.184062047086916,0.035672904026491
31.02925,26.3671875,0,0.369845741423143,0.0655832990513663
31.0692916666667,29.296875,0,0.142142431294556,0.0501072905576288
31.1093333333333,29.296875,0,0.157748506021751,0.060356324095246
31.149375,26.3671875,0,0.230998975336921,0.0832723183993923
31.1894166666667,29.296875,0,0.149329508032899,0.0862424253035084
31.2294583333333,26.3671875,0,0.182880707596861,0.135227263858738
31.2695,26.3671875,0,0.172724164647932,0.0851597419517144
31.3095416666667,29.296875,0,0.07402174956844,0.051448360924311
31.3495833333333,29.296875,0,0.116247356337965,0.0285793715782055
31.389625,26.3671875,0,0.125747260676775,0.037222679555381
31.4296666666667,26.3671875,0,0.114194429768627,0.0360373627869528
31.4697083333333,26.3671875,0,0.234025540435891,0.0699111593638181
31.50975,23.4375,0,0.134841357661572,0.0448141276099569
31.5497916666667,29.296875,0,0.104038139816449,0.0722679741928401
31.5898333333333,32.2265625,0,0.131563161498399,0.0890647626980076
31.629875,29.296875,0,0.223378660111545,0.0591870773594349
31.6699166666667,26.3671875,0,0.342269050073519,0.0572688927122465
31.7099583333333,26.3671875,0,0.121310860210383,0.0692215681892716
31.75,26.3671875,0,0.256618752782468,0.0480065494876031
31.7900416666667,26.3671875,0,0.107097747593129,0.0470795518365618
31.8300833333333,23.4375,0,0.203949463214962,0.0316633013138557
31.870125,29.296875,0,0.309355557761592,0.0525441349274016
31.9101666666667,29.296875,0,0.500541512035149,0.0522870664934488
31.9502083333333,0,0,0.39818598359362,0.0309878034878512
31.99025,155.2734375,0,0.762823831283281,0.0610849919367204
32.0302916666667,164.0625,0,0.165560084017994,0.0640756033544951
32.0703333333333,76.171875,0,0.281155069225128,0.0555438426589401
32.110375,23.4375,0,0.458029247232336,0.0489539246035022
32.1504166666667,190.4296875,0,0.375711560914904,0.079356832088403
32.1904583333333,0,0,0.267542113158956,0.0921241499478809
32.2305,0,0,0.251647909947143,0.111139512530188
32.2705416666667,0,0,0.273140124001405,0.147414660033355
32.3105833333333,0,0,0.249993977082927,0.14021414882088
32.350625,46.875,0,0.324461882848034,0.0965230207164088
32.3906666666667,0,0,0.280331486826056,0.122934477475805
32.4307083333333,46.875,0,0.692071817316669,0.214499843584436
32.47075,213.8671875,0,0.162912959451687,0.125301367168683
32.5107916666667,29.296875,0,0.281900939583325,0.0877436449605443
32.5508333333333,26.3671875,0,0.243363916204239,0.0992847399109359
32.590875,23.4375,0,0.170820198678287,0.0899087959256776
32.6309166666667,38.0859375,0,0.325925273410986,0.0538373058996456
32.6709583333333,35.15625,0,0.502203491488297,0.0376045912295305
32.711,35.15625,0,0.119023189893647,0.0532708021833582
32.7510416666667,29.296875,0,0.269066389318741,0.0866844093271039
32.7910833333333,26.3671875,0,0.122052063009019,0.0649124311496765
32.831125,32.2265625,0,0.168574842471505,0.0577035311500276
32.8711666666667,29.296875,0,0.226602237873613,0.0632150584985381
32.9112083333333,26.3671875,0,0.733777023815542,0.0421521070061784
32.95125,26.3671875,0,0.0935715834522231,0.0482466789316307
32.9912916666667,26.3671875,0,0.383421646801338,0.150530214783682
33.0313333333333,29.296875,0,0.221540111576588,0.122754728278571
33.071375,29.296875,0,0.237871880132684,0.0433255810495286
33.1114166666667,26.3671875,0,0.281596850680888,0.0636226549291432
33.1514583333333,26.3671875,0,0.125020734407442,0.0361757324819255
33.1915,29.296875,0,0.133272073616818,0.0514355616559112
33.2315416666667,26.3671875,0,0.139227845847896,0.0331974899831435
33.2715833333333,26.3671875,0,0.147843748099006,0.0743719177101491
33.311625,26.3671875,0,0.102369655549412,0.144955261046333
33.3516666666667,26.3671875,0,0.144074325270521,0.0943291185105342
33.3917083333333,23.4375,0,0.130006441439418,0.026816656593472
33.43175,23.4375,0,0.0858374167465766,0.045887249731835
33.4717916666667,29.296875,0,0.116981002755929,0.0554816247571144
33.5118333333333,26.3671875,0,0.156079803826543,0.0851035267630709
33.551875,29.296875,0,0.160908946582877,0.0528955050513091
33.5919166666667,29.296875,0,0.396893140573317,0.0685154406705075
33.6319583333333,26.3671875,0,0.234785828829663,0.0649997695522225
33.672,26.3671875,0,0.142058727591987,0.067038199406867
33.7120416666667,29.296875,0,0.144608017710707,0.0677037288929056
33.7520833333333,26.3671875,0,0.276846888459259,0.0319480021988406
33.792125,26.3671875,0,0.203143610923193,0.0601604874603432
33.8321666666667,26.3671875,0,0.227277118375829,0.0632437009622977
33.8722083333333,26.3671875,0,0.111539113693034,0.0576686576523104
33.91225,26.3671875,0,0.126471048398399,0.0449710036028853
33.9522916666667,23.4375,0,0.156348482649573,0.0340316981228269
33.9923333333333,8.7890625,0,0.332436635149225,0.0581944839658498
34.032375,175.78125,0,0.884534850390054,0.0401173852953931
34.0724166666667,172.8515625,0,0.409913205657908,0.06655512824899
34.1124583333333,172.8515625,0,0.0993457099563165,0.0640443322152987
34.1525,41.015625,0,0.531932583627659,0.0684329258495818
34.1925416666667,35.15625,0,0.384677426969785,0.0590693703573365
34.2325833333333,199.21875,0,0.16086078050611,0.0894121718170579
34.272625,41.015625,0,0.327215209245635,0.148866843791121
34.3126666666667,38.0859375,0,0.300329837416422,0.122175333298797
34.3527083333333,2.9296875,0,0.337724765125498,0.121096553305995
34.39275,32.2265625,0,0.42216211334727,0.0587073636586109
34.4327916666667,23.4375,0,0.297817363753556,0.136408038201283
34.4728333333333,35.15625,0,0.161435610382294,0.133508669077762
34.512875,29.296875,0,0.262968704393884,0.0612031934253205
34.5529166666667,35.15625,0,0.259577687273799,0.0703021049282337
34.5929583333333,32.2265625,0,0.171730378050777,0.0469628629727119
34.633,32.2265625,0,0.181479483433208,0.0646341253871947
34.6730416666667,35.15625,0,0.272447276601633,0.0309253556588984
34.7130833333333,32.2265625,0,0.255327002095225,0.0258178337895121
34.753125,35.15625,0,0.176301860606718,0.0406664955592148
34.7931666666667,35.15625,0,0.185648394655301,0.0734096427498439
34.8332083333333,35.15625,0,0.150203352237242,0.0609925863676681
34.87325,32.2265625,0,0.172597977351312,0.0570703446621149
34.9132916666667,35.15625,0,0.171870848697236,0.142794434579298
34.9533333333333,35.15625,0,0.419236508865026,0.158831622026085
34.993375,32.2265625,0,0.43042736502483,0.138685533684594
35.0334166666667,35.15625,0,0.423792426989942,0.0550749750336496
35.0734583333333,35.15625,0,0.200407520346815,0.0712305341148958
35.1135,35.15625,0,0.381764739692787,0.150574859578477
35.1535416666667,35.15625,0,0.271818696619015,0.0521214519548835
35.1935833333333,35.15625,0,0.174243449275606,0.0607730280529346
35.233625,32.2265625,0,0.173707405961056,0.0325927270256052
35.2736666666667,35.15625,0,0.158225013409949,0.0422610621675306
35.3137083333333,35.15625,0,0.175018280201623,0.0881052667334578
35.35375,35.15625,0,0.237690083047205,0.0356008881303417
35.3937916666667,32.2265625,0,0.151884202583531,0.0531094818546441
35.4338333333333,35.15625,0,0.14578003912145,0.0460137209015028
35.473875,35.15625,0,0.0793181619160333,0.0454785642985393
35.5139166666667,35.15625,0,0.12936124815354,0.0315031253663658
35.5539583333333,35.15625,0,0.117234448305971,0.0212546408586351
35.594,35.15625,0,0.101755276165932,0.0318399511940374
35.6340416666667,35.15625,0,0.183609555340498,0.0254667655562885
35.6740833333333,35.15625,0,0.237794405518675,0.0317988620431051
35.714125,35.15625,0,0.130642872731265,0.0581213824713981
35.7541666666667,32.2265625,0,0.131071385069359,0.040407889643231
35.7942083333333,35.15625,0,0.157897856345142,0.0495502409785992
35.83425,32.2265625,0,0.196836195636808,0.0637741105874061
35.8742916666667,35.15625,0,0.246939064759217,0.0549017978476324
35.9143333333333,35.15625,0,0.21757598788166,0.0607443197125935
35.954375,32.2265625,0,0.339437753809188,0.0507110190096413
35.9944166666667,35.15625,0,0.198853547649919,0.0692698760547795
36.0344583333333,32.2265625,0,0.165955170856901,0.118332617700956
36.0745,32.2265625,0,0.217152922906802,0.0299145641533911
36.1145416666667,32.2265625,0,0.24147188000539,0.0512444043208835
36.1545833333333,35.15625,0,0.226096065788693,0.0377272210491406
36.194625,35.15625,0,0.166267795676283,0.0885770583523219
36.2346666666667,43.9453125,0,0.389735241136494,0.0472837209797628
36.2747083333333,184.5703125,0,0.614427142205423,0.0421528005702077
36.31475,181.640625,0,0.164642793054626,0.0509123410381372
36.3547916666667,84.9609375,0,0.24174394595218,0.0665590389097195
36.3948333333333,43.9453125,0,0.513669317326031,0.0401136234172446
36.434875,32.2265625,0,0.614587720925336,0.0303323640969335
36.4749166666667,193.359375,0,0.340172574392493,0.069932606991338
36.5149583333333,32.2265625,0,0.451441559075012,0.098409075783951
36.555,0,0,0.259101960145247,0.110243300845731
36.5950416666667,0,0,0.252869864336305,0.137519618081069
36.6350833333333,52.734375,0,0.374591117280573,0.144124709079495
36.675125,46.875,0,0.384382256712257,0.0473681576982971
36.7151666666667,193.359375,0,0.35815361304243,0.107976166479505
36.7552083333333,17.578125,0,0.39073491397699,0.100248892814055
36.79525,35.15625,0,0.229147787432931,0.126022723309551
36.8352916666667,29.296875,0,0.221616985444313,0.122901419598285
36.8753333333333,29.296875,0,0.269170091078852,0.0724941345882283
36.915375,35.15625,0,0.162994610158584,0.0307937357197448
36.9554166666667,32.2265625,0,0.459390952025284,0.0338866721693054
36.9954583333333,32.2265625,0,0.255897999876797,0.0372600560576838
37.0355,29.296875,0,0.177194512474385,0.0658994655788721
37.0755416666667,35.15625,0,0.131730839955744,0.0629274581797271
37.1155833333333,35.15625,0,0.213888338936858,0.0479535671919749
37.155625,38.0859375,0,0.484412850753453,0.0746824768080773
37.1956666666667,32.2265625,0,0.338778095151621,0.127868441970518
37.2357083333333,35.15625,0,0.188929475857586,0.114768522395926
37.27575,32.2265625,0,0.335323323008117,0.0586243428270477
37.3157916666667,32.2265625,0,0.0925457896616937,0.0898017954897377
37.3558333333333,26.3671875,0,0.0846650811752539,0.0982621056601442
37.395875,32.2265625,0,0.28614319567493,0.0588803887985394
37.4359166666667,23.4375,0,0.303631718564824,0.0456829596923019
37.4759583333333,32.2265625,0,0.282640548755066,0.0664334397330576
37.516,26.3671875,0,0.204743548985684,0.0845980596872967
37.5560416666667,32.2265625,0,0.0904945281236295,0.0443798105933659
37.5960833333333,29.296875,0,0.147403746580142,0.0542752174624553
37.636125,29.296875,0,0.14391206769658,0.0306450431936357
37.6761666666667,29.296875,0,0.147159774531664,0.0507138803817759
37.7162083333333,32.2265625,0,0.168353556129467,0.0377490647158758
37.75625,32.2265625,0,0.173306849662839,0.0591653652372522
37.7962916666667,32.2265625,0,0.201696784901359,0.0500437884879549
37.8363333333333,32.2265625,0,0.207574346974946,0.0759194934814797
37.876375,35.15625,0,0.218407965568442,0.0866655715484552
37.9164166666667,32.2265625,0,0.205312532087632,0.0957025668800321
37.9564583333333,32.2265625,0,0.205693227166314,0.0817017227860154
37.9965,32.2265625,0,0.228703528314984,0.0880749703917007
38.0365416666667,29.296875,0,0.495447394379049,0.0619299568819198
38.0765833333333,32.2265625,0,0.197916664933388,0.0449481310686038
38.116625,35.15625,0,0.269701879724938,0.0549258589563418
38.1566666666667,32.2265625,0,0.279595253822731,0.0477025365007787
38.1967083333333,29.296875,0,0.188277797157049,0.0542346040396137
38.23675,41.015625,0,0.42651214569168,0.0791002745989444
38.2767916666667,58.59375,0,0.40735432772128,0.0622036177034502
38.3168333333333,87.890625,0,0.492575881340106,0.0583867835114875
38.356875,96.6796875,0,0.168153418179075,0.0708526737865062
38.3969166666667,166.9921875,0,0.306490631051668,0.0495490599531741
38.4369583333333,178.7109375,0,0.182849757166328,0.0562776327073993
38.477,178.7109375,0,0.277081150865708,0.0711148389932573
38.5170416666667,0,0,0.676997891470866,0.0973335743803316
38.5570833333333,0,0,0.327166279902432,0.241205331229887
38.597125,43.9453125,0,0.51608617836295,0.157571883571461
38.6371666666667,184.5703125,0,0.526302630070913,0.108104169788628
38.6772083333333,35.15625,0,0.291624795254146,0.0587923279785767
38.71725,29.296875,0,0.295316629841568,0.100303715449039
38.7572916666667,32.2265625,0,0.28004344147629,0.0951352252149618
38.7973333333333,29.296875,0,0.113564477623217,0.111540858532825
38.837375,23.4375,0,0.321779193942289,0.0917567107616468
38.8774166666667,284.1796875,0,0.444503100548592,0.08190515439096
38.9174583333333,295.8984375,0,0.192323898737001,0.0833029965973278
38.9575,26.3671875,0,0.4953658479458,0.0774545262681141
38.9975416666667,26.3671875,0,0.22585473710304,0.0393717122865014
39.0375833333333,26.3671875,0,0.492155661850805,0.112455244646277
39.077625,29.296875,0,0.275187296463096,0.0612038098861388
39.1176666666667,32.2265625,0,0.195232587175643,0.0576662839416221
39.1577083333333,29.296875,0,0.304608862005988,0.130117137272315
39.19775,29.296875,0,0.346424077223241,0.100745515369149
39.2377916666667,32.2265625,0,0.151357901942145,0.0895832067071472
39.2778333333333,32.2265625,0,0.167033938307784,0.0887647364536815
39.317875,32.2265625,0,0.160302196727106,0.0736853850698041
39.3579166666667,29.296875,0,0.151475927984248,0.0461701701176828
39.3979583333333,32.2265625,0,0.271267509545007,0.0862682048018927
39.438,35.15625,0,0.198913705909614,0.0377079472386517
39.4780416666667,32.2265625,0,0.177085700165107,0.0579228246503268
39.5180833333333,32.2265625,0,0.25166901715865,0.0299466030948394
39.558125,32.2265625,0,0.135474822992936,0.0329210590435494
39.5981666666667,32.2265625,0,0.0552574724564961,0.0485420399557408
39.6382083333333,29.296875,0,0.113326321733542,0.0351886958985183
39.67825,32.2265625,0,0.178618213484764,0.0455336398747136
39.7182916666667,29.296875,0,0.136896079808818,0.0482159572090754
39.7583333333333,29.296875,0,0.208062700233346,0.0465549160170319
39.798375,29.296875,0,0.139224979350876,0.0573142802496753
39.8384166666667,29.296875,0,0.134154480123078,0.0333941311175719
39.8784583333333,29.296875,0,0.0737436723475456,0.0671704429546073
39.9185,29.296875,0,0.258663405624359,0.0611340592551086
39.9585416666667,29.296875,0,0.152637723178467,0.0354053861992523
39.9985833333333,32.2265625,0,0.124730812832405,0.0558682582615436
40.038625,29.296875,0,0.161134416614297,0.0568597492481636
40.0786666666667,32.2265625,0,0.217002100039487,0.0709325053710789
40.1187083333333,26.3671875,0,0.191600685109415,0.0822208322837453
40.15875,23.4375,0,0.201588220311043,0.124337890469164
40.1987916666667,29.296875,0,0.121188334341863,0.0579003993435963
40.2388333333333,29.296875,0,0.165730521440734,0.051660273928369
40.278875,29.296875,0,0.267941458016756,0.0567995168689372
40.3189166666667,29.296875,0,0.569417506788331,0.0683221331060593
40.3589583333333,23.4375,0,0.237807521757548,0.0255665271573367
40.399,17.578125,0,0.230622730841674,0.0650080420824218
40.4390416666667,41.015625,0,0.272740674320482,0.0517018043914065
40.4790833333333,38.0859375,0,0.145467843856899,0.0558041343931826
40.519125,202.1484375,0,0.342862199519112,0.0448259507189321
40.5591666666667,26.3671875,0,0.272816961556306,0.106817830537937
40.5992083333333,35.15625,0,0.247860058699416,0.119962465749194
40.63925,46.875,0,0.199050174672724,0.0919321220685067
40.6792916666667,23.4375,0,0.182915663047819,0.11913106035493
40.7193333333333,0,0,0.243337700021643,0.0982529189454207
40.759375,216.796875,0,0.405994163552094,0.074167339865702
40.7994166666667,32.2265625,0,0.252413873179232,0.0818908149238515
40.8394583333333,35.15625,0,0.205707987275424,0.0656241167190967
40.8795,35.15625,0,0.354667865044954,0.0503955971332936
40.9195416666667,20.5078125,0,0.381384542811939,0.078831694274211
40.9595833333333,307.6171875,0,0.302564126779331,0.0830469316781024
40.999625,32.2265625,0,0.470759617429594,0.0535060511460311
41.0396666666667,35.15625,0,0.20306817473102,0.106855658039202
41.0797083333333,29.296875,0,0.303111263092508,0.133317536134909
41.11975,120.1171875,140.625,0.918316676978629,0.988547997843509
41.1597916666667,864.2578125,0,0.726111608430707,0.804982485788424
41.1998333333333,530.2734375,418.9453125,0.784658391587293,0.893126285971812
41.239875,1198.2421875,802.734375,0.920244917425617,0.848816808870489
41.2799166666667,855.46875,717.7734375,0.735919584987204,0.696282776361141
41.3199583333333,1198.2421875,937.5,0.663760545332146,0.770975075695824
41.36,424.8046875,541.9921875,0.677032953322872,0.746466288888902
41.4000416666667,313.4765625,562.5,1.38308977837037,0.654165393889567
41.4400833333333,553.7109375,128.90625,0.704927462648588,0.524473344140715
41.480125,817.3828125,1086.9140625,1.63633818347359,0.653963529456401
41.5201666666667,647.4609375,292.96875,0.681876956506108,0.761514074238749
41.5602083333333,1350.5859375,1086.9140625,0.709682984661133,0.595869584279266
41.60025,829.1015625,1145.5078125,0.617641747294252,0.481813706558863
41.6402916666667,1139.6484375,70.3125,0.816668429514397,0.700230260892367
41.6803333333333,228.515625,202.1484375,0.72519760641493,0.562660720954043
41.720375,1089.84375,527.34375,0.625912918475063,0.805485253044179
41.7604166666667,975.5859375,1458.984375,0.565371882186078,0.666894822820857
41.8004583333333,32.2265625,219.7265625,0.763215971390475,0.896608404407101
41.8405,676.7578125,1157.2265625,0.595810810775411,0.500013616146224
41.8805416666667,1136.71875,1145.5078125,0.966814054267777,0.464245960032645
41.9205833333333,175.78125,1040.0390625,0.757736342675256,0.640182677295164
41.960625,975.5859375,398.4375,0.619957545905735,1.00326590860353
42.0006666666667,870.1171875,395.5078125,0.647255487623691,0.680445505824649
42.0407083333333,837.890625,489.2578125,0.612250523438171,0.746901891445167
42.08075,190.4296875,354.4921875,0.556418121071737,0.833289775676677
42.1207916666667,691.40625,410.15625,0.708440620122415,0.875001499262326
42.1608333333333,1417.96875,1412.109375,0.740589853339693,0.70137212292842
42.200875,351.5625,1215.8203125,0.734291082700213,0.519371545150299
42.2409166666667,641.6015625,981.4453125,0.687893568756947,0.77678186594334
42.2809583333333,1259.765625,1136.71875,0.649556735186258,0.506673819774276
42.321,890.625,1125,0.726878603716444,0.500962219673829
42.3610416666667,166.9921875,1209.9609375,0.63424170883318,0.649522070534095
42.4010833333333,70.3125,184.5703125,0.949439008560076,0.701467993930919
42.441125,1207.03125,298.828125,0.793039780305586,1.22142535546683
42.4811666666667,1201.171875,697.265625,0.541055434381785,0.671029616682212
42.5212083333333,1166.015625,64.453125,0.896093090280145,0.552596277837177
42.56125,691.40625,1365.234375,0.99657672997195,0.777936995028175
42.6012916666667,1095.703125,158.203125,0.6684169244987,0.73106556356924
42.6413333333333,0,0,0.615081151418909,0.562988085802707
42.681375,1171.875,498.046875,0.694864992377425,0.688606426933948
42.7214166666667,0,123.046875,1.15138121838659,0.753136617922771
42.7614583333333,123.046875,1368.1640625,0.629666386658114,1.01983673629546
42.8015,1500,1388.671875,0.535895092532714,0.522803735187672
42.8415416666667,1139.6484375,178.7109375,0.617603651823324,0.60098808357443
42.8815833333333,336.9140625,1016.6015625,0.86222797905478,0.683635294301729
42.921625,392.578125,1453.125,0.655789185503296,1.54282656841688
42.9616666666667,345.703125,1042.96875,1.1966876856711,0.561701145390369
43.0017083333333,1500,644.53125,0.673284716343677,0.602192670214063
43.04175,181.640625,1218.75,1.04278145203062,0.635584644667294
43.0817916666667,1145.5078125,644.53125,0.923195471293577,0.657771485863514
43.1218333333333,1327.1484375,46.875,0.586697634542632,0.573457723216437
43.161875,79.1015625,1040.0390625,0.903328184470246,0.696085673774311
43.2019166666667,0,1494.140625,0.628634772804743,0.640264828897532
43.2419583333333,442.3828125,398.4375,0.558815670477681,0.771962464520686
43.282,228.515625,955.078125,1.4386431756168,0.676909795248
43.3220416666667,996.09375,1204.1015625,0.537666209254432,0.795648777088365
43.3620833333333,1491.2109375,846.6796875,0.686572509608614,0.542269732186708
43.402125,0,1420.8984375,0.610241622429602,0.541233036541439
43.4421666666667,1075.1953125,52.734375,0.813569448812738,0.63209525872005
43.4822083333333,1391.6015625,199.21875,0.475543917719089,0.603174336955606
43.52225,1500,64.453125,0.574666837877462,0.714454496349135
43.5622916666667,1072.265625,41.015625,0.79504138904574,0.513583738208067
43.6023333333333,0,618.1640625,0.786297071014327,0.630597766566504
43.642375,858.3984375,1458.984375,0.663414457637435,0.544113131554378
